<linker>
	<assembly fullname="UnityEngine">
		<type fullname="UnityEngine.Object" preserve="nothing"/>
		<type fullname="UnityEditor.MonoScript" preserve="nothing"/>
		<type fullname="UnityEngine.Material" preserve="nothing"/>
		<type fullname="UnityEditor.VFXManager" preserve="nothing"/>
		<type fullname="UnityEngine.Shader" preserve="nothing"/>
		<type fullname="UnityEngine.TextAsset" preserve="nothing"/>
		<type fullname="UnityEditor.TagManager" preserve="nothing"/>
		<type fullname="UnityEditor.MonoManager" preserve="nothing"/>
		<type fullname="UnityEngine.Rendering.GraphicsSettings" preserve="nothing"/>
		<type fullname="UnityEditor.PlayerSettings" preserve="nothing"/>
		<type fullname="UnityEditor.TimeManager" preserve="nothing"/>
		<type fullname="UnityEditor.InputManager" preserve="nothing"/>
		<type fullname="UnityEditor.PhysicsManager" preserve="nothing"/>
		<type fullname="UnityEditor.AudioManager" preserve="nothing"/>
		<type fullname="UnityEditor.Physics2DSettings" preserve="nothing"/>
		<type fullname="UnityEngine.QualitySettings" preserve="nothing"/>
		<type fullname="UnityEngine.Camera" preserve="nothing"/>
		<type fullname="UnityEngine.Transform" preserve="nothing"/>
		<type fullname="UnityEngine.Renderer" preserve="nothing"/>
		<type fullname="UnityEngine.MeshFilter" preserve="nothing"/>
		<type fullname="UnityEngine.MeshRenderer" preserve="nothing"/>
		<type fullname="UnityEngine.SpriteRenderer" preserve="nothing"/>
		<type fullname="UnityEngine.Rendering.SortingGroup" preserve="nothing"/>
		<type fullname="UnityEngine.AudioBehaviour" preserve="nothing"/>
		<type fullname="UnityEngine.AudioListener" preserve="nothing"/>
		<type fullname="UnityEngine.Grid" preserve="nothing"/>
		<type fullname="UnityEngine.GridLayout" preserve="nothing"/>
		<type fullname="UnityEngine.Rigidbody2D" preserve="nothing"/>
		<type fullname="UnityEngine.Collider2D" preserve="nothing"/>
		<type fullname="UnityEngine.CircleCollider2D" preserve="nothing"/>
		<type fullname="UnityEngine.BoxCollider2D" preserve="nothing"/>
		<type fullname="UnityEngine.CompositeCollider2D" preserve="nothing"/>
		<type fullname="UnityEngine.Tilemaps.Tilemap" preserve="nothing"/>
		<type fullname="UnityEngine.Tilemaps.TilemapRenderer" preserve="nothing"/>
		<type fullname="UnityEngine.Tilemaps.TilemapCollider2D" preserve="nothing"/>
		<type fullname="UnityEngine.Canvas" preserve="nothing"/>
		<type fullname="UnityEngine.RectTransform" preserve="nothing"/>
		<type fullname="UnityEngine.Behaviour" preserve="nothing"/>
		<type fullname="UnityEngine.GameObject" preserve="nothing"/>
		<type fullname="UnityEngine.Component" preserve="nothing"/>
		<type fullname="UnityEngine.AnimationClip" preserve="nothing"/>
		<type fullname="UnityEngine.MonoBehaviour" preserve="nothing"/>
		<type fullname="UnityEngine.Animator" preserve="nothing"/>
		<type fullname="UnityEditor.Animations.AnimatorController" preserve="nothing"/>
		<type fullname="UnityEngine.Motion" preserve="nothing"/>
		<type fullname="UnityEngine.RuntimeAnimatorController" preserve="nothing"/>
		<type fullname="UnityEngine.LightmapSettings" preserve="nothing"/>
		<type fullname="UnityEngine.Font" preserve="nothing"/>
		<type fullname="UnityEngine.Mesh" preserve="nothing"/>
		<type fullname="UnityEngine.Texture" preserve="nothing"/>
		<type fullname="UnityEngine.Texture2D" preserve="nothing"/>
		<type fullname="UnityEngine.Sprite" preserve="nothing"/>
		<type fullname="UnityEngine.CanvasRenderer" preserve="nothing"/>
		<type fullname="UnityEngine.CanvasGroup" preserve="nothing"/>
		<type fullname="UnityEngine.RenderSettings" preserve="nothing"/>
		<type fullname="UnityEngine.PhysicsMaterial2D" preserve="nothing"/>
		<type fullname="UnityEngine.PolygonCollider2D" preserve="nothing"/>
	</assembly>
	<assembly fullname="Assembly-CSharp-firstpass">
		<type fullname="FogOfWar.FOWRender" preserve="nothing"/>
		<type fullname="FogOfWar.FOWSystem2D" preserve="nothing"/>
	</assembly>
	<assembly fullname="Assembly-CSharp">
		<type fullname="AnimScaling" preserve="nothing"/>
		<type fullname="AnimTweenerMotion" preserve="nothing"/>
		<type fullname="AnimTweenerPath" preserve="nothing"/>
		<type fullname="CameraFollow" preserve="nothing"/>
		<type fullname="Checkpoint" preserve="nothing"/>
		<type fullname="CircleTeleport" preserve="nothing"/>
		<type fullname="DeathTrigger" preserve="nothing"/>
		<type fullname="Destroyable" preserve="nothing"/>
		<type fullname="DialogueBox" preserve="nothing"/>
		<type fullname="DialogueTrigger" preserve="nothing"/>
		<type fullname="LoadAllScenes" preserve="nothing"/>
		<type fullname="MessageUI" preserve="nothing"/>
		<type fullname="PlayerActor" preserve="nothing"/>
		<type fullname="PlayerBattleModel" preserve="nothing"/>
		<type fullname="PlayerController" preserve="nothing"/>
		<type fullname="PlayerTrigger" preserve="nothing"/>
		<type fullname="PlayerViewer" preserve="nothing"/>
		<type fullname="TriggerButton" preserve="nothing"/>
		<type fullname="WaterElement" preserve="nothing"/>
		<type fullname="WeaponSlot" preserve="nothing"/>
		<type fullname="WeaponTriggerPoint" preserve="nothing"/>
	</assembly>
	<assembly fullname="DOTween">
		<type fullname="DG.Tweening.Core.DOTweenSettings" preserve="nothing"/>
	</assembly>
	<assembly fullname="Unity.2D.IK.Runtime">
		<type fullname="UnityEditor.U2D.IK.IKEditorManagerHelper" preserve="nothing"/>
	</assembly>
	<assembly fullname="Unity.TextMeshPro">
		<type fullname="TMPro.TMP_FontAsset" preserve="nothing"/>
		<type fullname="TMPro.TMP_Settings" preserve="nothing"/>
		<type fullname="TMPro.TMP_SpriteAsset" preserve="nothing"/>
		<type fullname="TMPro.TMP_StyleSheet" preserve="nothing"/>
		<type fullname="TMPro.TextMeshProUGUI" preserve="nothing"/>
	</assembly>
	<assembly fullname="UnityEngine.UI">
		<type fullname="UnityEngine.EventSystems.EventSystem" preserve="nothing"/>
		<type fullname="UnityEngine.EventSystems.StandaloneInputModule" preserve="nothing"/>
		<type fullname="UnityEngine.UI.CanvasScaler" preserve="nothing"/>
		<type fullname="UnityEngine.UI.GraphicRaycaster" preserve="nothing"/>
		<type fullname="UnityEngine.UI.HorizontalLayoutGroup" preserve="nothing"/>
		<type fullname="UnityEngine.UI.Image" preserve="nothing"/>
	</assembly>
</linker>
